bpm_range,avg_streams
Fast,2.47
Medium,2.27695652173913
Slow,2.85103448275862
"Very Fast",2.47608695652174
"Very Slow",2.35272727272727
