explicit,avg_streams
False,2.51471264367816
True,2.59076923076923
